ENQNO,CUSTOMER_NAME,DATE,DESC
401,'RAJNI PATEL','03-07-2019','HOME LOAN'
402,'MANDAR PATIL','03-07-2019','PROPERTY LOAN'
403,'SNEHA PANDIT','03-07-2019','CAR LOAN 5 Lac'
404,'SWATI SINGH','03-07-2019','EDUCATION LOAN'
405,'PRERNA MOHITE','03-07-2019','LOAN CLOSURE'
406,'DIPTI SHAHA','03-07-2019','I want to start SIP'
407,'SHIV BALAKRISHNA','03-07-2019','what is NPS account?'
408,'MEGHNA KAMBLE','03-07-2019','CARD issue'
409,'MOHINI KULKARNI','03-07-2019','HOME LOAN'
410,'RAJ DEVODHAR','03-07-2019','PROPERTY LOAN'
411,'MAHENDRA HEGDE','03-07-2019','CAR LOAN 5 Lac'
412,'KHYATI MISHRA','03-07-2019','EDUCATION LOAN'
413,'NALINI SHASHTRI','03-07-2019','LOAN CLOSURE'
414,'MADHU KHADE','03-07-2019','I want to start SIP'
415,'BHANU PRATAP','03-07-2019','what is NPS account?'
416,'RAGHUVIR BHALLAT','03-07-2019','CARD issue'
417,'ARVIND KILDATRA','03-07-2019','HOME LOAN'
418,'SUNIL KUMAR','03-07-2019','PROPERTY LOAN'
419,'DEV RANJAN','03-07-2019','CAR LOAN 5 Lac'
420,'NARESH SINHA','03-07-2019','EDUCATION LOAN'
421,'HAIDAR ALI','03-07-2019','LOAN CLOSURE'
422,'MOHASIN MULLA','03-07-2019','I want to start SIP'
423,'DIVYA RAJESH','03-07-2019','what is NPS account?'
424,'TRISHA PATEL','03-07-2019','CARD issue'
425,'KALYANI AHIRE','03-07-2019','HOME LOAN'
426,'ADITYA PUSHKAR','03-07-2019','PROPERTY LOAN'
427,'BALJIT SING','03-07-2019','CAR LOAN 5 Lac'
428,'NIRMITI MUNDE','03-07-2019','EDUCATION LOAN'
429,'MANISHA AHUJA','03-07-2019','LOAN CLOSURE'
430,'PALLAVI PATIL','03-07-2019','I want to start SIP'
431,'DIPTI PHALLE','03-07-2019','what is NPS account?'
432,'NISHA AGNIHOTRI','03-07-2019','CARD issue'
433,'DATTATRAY KODILWAR','03-07-2019','HOME LOAN'
434,'AMARISH DRESHTA','03-07-2019','PROPERTY LOAN'
435,'BHARATI GUPTA','03-07-2019','CAR LOAN 5 Lac'
436,'NAYAN DEV','03-07-2019','EDUCATION LOAN'
437,'INAYATULLAH KHAN','03-07-2019','LOAN CLOSURE'
438,'AMARISH DRESHTA','03-07-2019','I want to start SIP'
439,'BHARATI GUPTA','03-07-2019','what is NPS account?'
440,'AMARISH DRESHTA','03-07-2019','CARD issue'