{  
   "StartAt":"load_callcenter_tables",
   "States":{  
      "load_callcenter_tables":{  
         "Type":"Task",
         "Resource":"arn:aws:lambda:us-east-1:385924465059:function:load_callcenter_tables",
         "Parameters":{  
            "FunctionName":"MyFunction"
         },
         "Next":"callcenter_executives_assignment"
      },
     "callcenter_executives_assignment":{  
         "Type":"Task",
         "Resource":"arn:aws:lambda:us-east-1:385924465059:function:callcenter_executives_assignment",
         "Parameters":{  
            "FunctionName":"MyFunction"
         },
         "Next":"call_center_push_queue"
      },
     "call_center_push_queue":{  
         "Type":"Task",
         "Resource":"arn:aws:lambda:us-east-1:385924465059:function:call_center_push_queue",
         "Parameters":{  
            "FunctionName":"MyFunction"
         },
         "Next":"call_center_email"
      },
"call_center_email":{  
         "Type":"Task",
         "Resource":"arn:aws:lambda:us-east-1:385924465059:function:call_center_email",
         "Parameters":{  
            "FunctionName":"MyFunction"
         },
         "End":true
      }
   }
}
